{
  "lonW": 14.765625,
  "lonE": 21.796875,
  "latN": 49.38237278700955,
  "latS": 46.07323062540836,
  "px": {
    "w": 2560,
    "h": 1792
  }
}